{"textures":{"0":"modelengine:entity/smaug","particle":"#0"},"elements":[{"from":[7.3939056,8.0,6.93115],"to":[31.1389,8.0,30.931149],"faces":{"up":{"uv":[1.86719,8.875,1.5,8.5],"tintindex":0,"rotation":0,"texture":"#0"},"down":{"uv":[8.89844,0.375,8.53125,0.75],"tintindex":0,"rotation":0,"texture":"#0"}}},{"from":[-14.908882,8.0,6.96163],"to":[8.836121,8.0,30.96163],"faces":{"up":{"uv":[1.11719,8.875,0.75,8.5],"tintindex":0,"rotation":0,"texture":"#0"},"down":{"uv":[1.49219,8.5,1.125,8.875],"tintindex":0,"rotation":0,"texture":"#0"}}},{"from":[-14.922173,8.0,-14.933031],"to":[8.82283,8.0,9.06697],"faces":{"up":{"uv":[0.36719,8.96875,0.0,8.59375],"tintindex":0,"rotation":0,"texture":"#0"},"down":{"uv":[0.74219,8.625,0.375,9.0],"tintindex":0,"rotation":0,"texture":"#0"}}},{"from":[7.3806076,8.0,-14.9635105],"to":[31.12561,8.0,9.0364895],"faces":{"up":{"uv":[8.89844,1.125,8.53125,0.75],"tintindex":0,"rotation":0,"texture":"#0"},"down":{"uv":[8.89844,1.125,8.53125,1.5],"tintindex":0,"rotation":0,"texture":"#0"}}}],"display":{"head":{"rotation":[0.0,0.0,0.0]},"firstperson_righthand":{"rotation":[0.0,0.0,0.0]},"thirdperson_lefthand":{"rotation":[0.0,-0.0,-0.0]},"firstperson_lefthand":{"rotation":[0.0,-0.0,-0.0]},"fixed":{"rotation":[0.0,0.0,0.0]},"ground":{"rotation":[0.0,0.0,0.0]},"thirdperson_righthand":{"rotation":[0.0,0.0,0.0]},"gui":{"rotation":[-150.0,-45.0,180.0]}}}