{"textures":{"0":"modelengine:entity/smaug","particle":"#0"},"elements":[{"from":[5.0233593,5.530609,-3.3395195],"to":[11.793249,11.685051,11.83559],"faces":{"east":{"uv":[11.40625,9.96875,11.52344,10.01563],"tintindex":0,"rotation":0,"texture":"#0"},"south":{"uv":[0.9375,11.46875,0.99219,11.51563],"tintindex":0,"rotation":0,"texture":"#0"},"north":{"uv":[0.875,11.46875,0.92969,11.51563],"tintindex":0,"rotation":0,"texture":"#0"},"west":{"uv":[10.03125,11.40625,10.14844,11.45313],"tintindex":0,"rotation":0,"texture":"#0"},"up":{"uv":[9.55469,11.02344,9.5,10.90625],"tintindex":0,"rotation":0,"texture":"#0"},"down":{"uv":[2.99219,11.0625,2.9375,11.17969],"tintindex":0,"rotation":0,"texture":"#0"}}}],"display":{"head":{"rotation":[0.0,0.0,0.0]},"firstperson_righthand":{"rotation":[0.0,0.0,0.0]},"thirdperson_lefthand":{"rotation":[0.0,-0.0,-0.0]},"firstperson_lefthand":{"rotation":[0.0,-0.0,-0.0]},"fixed":{"rotation":[0.0,0.0,0.0]},"ground":{"rotation":[0.0,0.0,0.0]},"thirdperson_righthand":{"rotation":[0.0,0.0,0.0]},"gui":{"rotation":[-150.0,-45.0,180.0]}}}