{"textures":{"0":"modelengine:entity/smaug","particle":"#0"},"elements":[{"from":[12.26829,8.0,2.3500004],"to":[22.35579,8.0,26.350002],"faces":{"up":{"uv":[8.90625,10.46875,8.75,10.09375],"tintindex":0,"rotation":0,"texture":"#0"}},"rotation":{"origin":[17.31204,8.0,14.35],"angle":22.5,"axis":"z"}},{"from":[2.9562502,8.0,2.3500004],"to":[13.043751,8.0,26.350002],"faces":{"up":{"uv":[2.59375,10.5,2.4375,10.125],"tintindex":0,"rotation":0,"texture":"#0"}},"rotation":{"origin":[8.0,8.0,14.35],"angle":-22.5,"axis":"z"}},{"from":[7.740435,5.533765,-12.4375],"to":[17.827934,5.533765,2.3250008],"faces":{"up":{"uv":[2.90625,10.92188,2.75,10.6875],"tintindex":0,"rotation":0,"texture":"#0"}},"rotation":{"origin":[8.848815,18.14841,-1.0374994],"angle":22.5,"axis":"z"}},{"from":[6.90449,8.447675,-12.4375],"to":[16.99199,8.447675,2.3250008],"faces":{"up":{"uv":[3.0625,10.92188,2.90625,10.6875],"tintindex":0,"rotation":0,"texture":"#0"}},"rotation":{"origin":[8.848815,18.14841,-1.0374994],"angle":-22.5,"axis":"z"}}],"display":{"head":{"rotation":[0.0,0.0,0.0]},"firstperson_righthand":{"rotation":[0.0,0.0,0.0]},"thirdperson_lefthand":{"rotation":[0.0,-0.0,-0.0]},"firstperson_lefthand":{"rotation":[0.0,-0.0,-0.0]},"fixed":{"rotation":[0.0,0.0,0.0]},"ground":{"rotation":[0.0,0.0,0.0]},"thirdperson_righthand":{"rotation":[0.0,0.0,0.0]},"gui":{"rotation":[-150.0,-45.0,180.0]}}}