{"textures":{"0":"modelengine:entity/smaug","particle":"#0"},"elements":[{"from":[-15.3274,7.8499994,-14.675678],"to":[8.618599,7.8499994,9.324322],"faces":{"up":{"uv":[3.65625,0.75,4.03125,0.375],"tintindex":0,"rotation":0,"texture":"#0"},"down":{"uv":[3.65625,0.75,4.03125,1.125],"tintindex":0,"rotation":0,"texture":"#0"}}},{"from":[6.6229744,7.8499994,6.6295624],"to":[30.568975,7.8499994,30.629562],"faces":{"up":{"uv":[0.375,4.125,0.75,3.75],"tintindex":0,"rotation":0,"texture":"#0"},"down":{"uv":[1.875,3.75,2.25,4.125],"tintindex":0,"rotation":0,"texture":"#0"}}},{"from":[-15.318691,7.8499994,6.684742],"to":[8.627308,7.8499994,30.684738],"faces":{"up":{"uv":[3.65625,1.5,4.03125,1.125],"tintindex":0,"rotation":0,"texture":"#0"},"down":{"uv":[0.0,3.71875,0.375,4.09375],"tintindex":0,"rotation":0,"texture":"#0"}}},{"from":[6.6142616,7.8499994,-14.730864],"to":[30.560259,7.8499994,9.2691345],"faces":{"up":{"uv":[2.25,4.125,2.625,3.75],"tintindex":0,"rotation":0,"texture":"#0"},"down":{"uv":[3.75,2.25,4.125,2.625],"tintindex":0,"rotation":0,"texture":"#0"}}}],"display":{"head":{"rotation":[0.0,0.0,0.0]},"firstperson_righthand":{"rotation":[0.0,0.0,0.0]},"thirdperson_lefthand":{"rotation":[0.0,-0.0,-0.0]},"firstperson_lefthand":{"rotation":[0.0,-0.0,-0.0]},"fixed":{"rotation":[0.0,0.0,0.0]},"ground":{"rotation":[0.0,0.0,0.0]},"thirdperson_righthand":{"rotation":[0.0,0.0,0.0]},"gui":{"rotation":[-150.0,-45.0,180.0]}}}